,Itemset,Itemset Support,Rule Antecedent,Rule Consequent,Rule Confidence,Rule Lift
0,"frozenset({'CHEM', 'HSC S211', '16', '0'})",0.013503560029462312,"frozenset({'CHEM', '16', '0'})",frozenset({'HSC S211'}),0.5612244897959183,41.56122448979592
1,"frozenset({'HSC S211', '16', 'CHEM'})",0.013503560029462312,"frozenset({'16', 'CHEM'})",frozenset({'HSC S211'}),0.5555555555555555,41.14141414141414
2,"frozenset({'CHEM', 'HSC S211', '0'})",0.013503560029462312,"frozenset({'CHEM', '0'})",frozenset({'HSC S211'}),0.26190476190476186,19.395238095238092
3,"frozenset({'HSC S211', 'CHEM'})",0.013503560029462312,frozenset({'CHEM'}),frozenset({'HSC S211'}),0.25700934579439255,19.032710280373834
4,"frozenset({'EAP', '0', 'COM PRES', '18'})",0.014833127317676144,"frozenset({'EAP', '0', '18'})",frozenset({'COM PRES'}),0.7692307692307692,51.00882723833543
5,"frozenset({'EAP', 'COM PRES', '18'})",0.014833127317676144,"frozenset({'EAP', '18'})",frozenset({'COM PRES'}),0.7692307692307692,51.00882723833543
6,"frozenset({'MUS', 'MUS 111', '0'})",0.015782983970406905,"frozenset({'MUS', '0'})",frozenset({'MUS 111'}),0.4129032258064516,23.582008178100864
7,"frozenset({'HSC S3A', 'PSYC', '0'})",0.017517887984209227,"frozenset({'PSYC', '0'})",frozenset({'HSC S3A'}),0.41764705882352937,18.399168797953962
8,"frozenset({'EAP', '0', 'COM PRES'})",0.014833127317676144,"frozenset({'EAP', '0'})",frozenset({'COM PRES'}),0.2830188679245283,18.767398700896997
9,"frozenset({'ARTS 137', 'THEA', '0'})",0.017058096415327566,"frozenset({'THEA', '0'})",frozenset({'ARTS 137'}),0.26335877862595425,13.484636196733987
10,"frozenset({'MUS 111', 'MUS'})",0.015782983970406905,frozenset({'MUS'}),frozenset({'MUS 111'}),0.4129032258064516,23.582008178100864
11,"frozenset({'HSC S3A', 'PSYC'})",0.019491734517641253,frozenset({'PSYC'}),frozenset({'HSC S3A'}),0.434065934065934,19.122491638795985
12,"frozenset({'EAP', 'COM PRES'})",0.014833127317676144,frozenset({'EAP'}),frozenset({'COM PRES'}),0.28169014084507044,18.679288847841146
13,"frozenset({'ARTS 137', 'THEA'})",0.017799752781211372,frozenset({'THEA'}),frozenset({'ARTS 137'}),0.2647058823529412,13.553611317944899
